{"cameraMode":{"drawMode":0,"name":"Shaded","section":"Shading Mode"},"sceneLighting":false,"audioPlay":false,"sceneViewState":{"m_AlwaysRefresh":false,"showFog":true,"showSkybox":false,"showFlares":true,"showImageEffects":true,"showParticleSystems":true,"showVisualEffectGraphs":true,"m_FxEnabled":false},"in2DMode":false,"pivot":{"x":10.560016632080079,"y":-14.976409912109375,"z":7.506753444671631},"rotation":{"x":0.14106741547584535,"y":0.8471184372901917,"z":-0.2774401605129242,"w":0.43073099851608279},"size":2.0123326778411867,"orthographic":false}