{"cameraMode":{"drawMode":0,"name":"Shaded","section":"Shading Mode"},"sceneLighting":true,"audioPlay":false,"sceneViewState":{"m_AlwaysRefresh":false,"showFog":true,"showSkybox":true,"showFlares":true,"showImageEffects":true,"showParticleSystems":true,"showVisualEffectGraphs":true,"m_FxEnabled":false},"in2DMode":false,"pivot":{"x":4.927583694458008,"y":1.6990420818328858,"z":2.7419872283935549},"rotation":{"x":0.27966272830963137,"y":-0.3853468596935272,"z":0.12378504127264023,"w":0.8706289529800415},"size":8.893065452575684,"orthographic":false}