{"cameraMode":{"drawMode":0,"name":"Shaded","section":"Shading Mode"},"sceneLighting":true,"audioPlay":false,"sceneViewState":{"m_AlwaysRefresh":false,"showFog":true,"showSkybox":true,"showFlares":true,"showImageEffects":true,"showParticleSystems":true,"showVisualEffectGraphs":true,"m_FxEnabled":false},"in2DMode":false,"pivot":{"x":5.208223342895508,"y":2.3499181270599367,"z":7.488109111785889},"rotation":{"x":0.02485920861363411,"y":0.9128240942955017,"z":-0.05620958283543587,"w":0.40370461344718935},"size":1.0593715906143189,"orthographic":false}