{"cameraMode":{"drawMode":0,"name":"Shaded","section":"Shading Mode"},"sceneLighting":true,"audioPlay":false,"sceneViewState":{"m_AlwaysRefresh":false,"showFog":true,"showSkybox":true,"showFlares":true,"showImageEffects":true,"showParticleSystems":true,"showVisualEffectGraphs":true,"m_FxEnabled":false},"in2DMode":false,"pivot":{"x":3.940000295639038,"y":5.8600006103515629,"z":-3.6899614334106447},"rotation":{"x":0.2750534117221832,"y":-0.11758952587842941,"z":0.03392083942890167,"w":0.9536199569702148},"size":15.121037483215332,"orthographic":false}