{"cameraMode":{"drawMode":0,"name":"Shaded","section":"Shading Mode"},"sceneLighting":false,"audioPlay":false,"sceneViewState":{"m_AlwaysRefresh":false,"showFog":true,"showSkybox":false,"showFlares":true,"showImageEffects":true,"showParticleSystems":true,"showVisualEffectGraphs":true,"m_FxEnabled":false},"in2DMode":false,"pivot":{"x":425.8079833984375,"y":134.79049682617188,"z":131.756591796875},"rotation":{"x":0.2099090963602066,"y":0.014385159127414227,"z":-0.0030936517287045719,"w":0.9776332974433899},"size":308.5228576660156,"orthographic":false}